theme_id,theme_name,bottleneck_layer,active_from,active_until,company_code,conviction,source_note,evidence_date,evidence_url,invalidation_criteria,review_by,role
abf_substrate,ABF 載板缺貨,"期初冊主題,僅做證據演化。圍欄內 2022-06-01 第一手證據:南電/景碩/欣興ABF載板三雄『首遭』外資降評、目標價狠砍約4成;外資估ABF缺口由2021",2022-08-01,2022-10-31,3037,1,"[跨批縫合:首見 2022-07-01(批 2022H2),conviction 終值 1] 外資首度降評、目標價砍4成;缺口收斂、漲價喊卡。由5下調至3",2022-07-01,repo:backfill/label_runs/2022-07.json,ABF現貨/長約報價實際回落(非僅漲價喊卡);交期由高峰縮回正常;三雄稼動率明顯下滑或下修財測。→ 若 H2 確認降價則設 active_until,,chokepoint_owner
abf_substrate,ABF 載板缺貨,"期初冊主題,僅做證據演化。圍欄內 2022-06-01 第一手證據:南電/景碩/欣興ABF載板三雄『首遭』外資降評、目標價狠砍約4成;外資估ABF缺口由2021",2022-08-01,2022-10-31,3189,1,"[跨批縫合:首見 2022-07-01(批 2022H2),conviction 終值 1] 同遭降評。由5下調至3",2022-07-01,repo:backfill/label_runs/2022-07.json,ABF現貨/長約報價實際回落(非僅漲價喊卡);交期由高峰縮回正常;三雄稼動率明顯下滑或下修財測。→ 若 H2 確認降價則設 active_until,,chokepoint_owner
abf_substrate,ABF 載板缺貨,"期初冊主題,僅做證據演化。圍欄內 2022-06-01 第一手證據:南電/景碩/欣興ABF載板三雄『首遭』外資降評、目標價狠砍約4成;外資估ABF缺口由2021",2022-08-01,2022-10-31,8046,1,"[跨批縫合:首見 2022-07-01(批 2022H2),conviction 終值 1] 同遭降評,基板高峰反轉。由5下調至3",2022-07-01,repo:backfill/label_runs/2022-07.json,ABF現貨/長約報價實際回落(非僅漲價喊卡);交期由高峰縮回正常;三雄稼動率明顯下滑或下修財測。→ 若 H2 確認降價則設 active_until,,chokepoint_owner
advanced_packaging_cowos,CoWoS 先進封裝,advanced_packaging_cowos ≤圍欄證據=再強化但已封頂。台積電 2024-07-18 法說(魏哲家):今、明兩年 CoWoS 產能均超倍增,2023-07-01,,2330,5,"[跨批縫合:首見 2023-06-01(批 2023H1),conviction 終值 5] carry 持平(已封頂 5);2024-07-18 法說僅再確認供不應求。",2024-07-01,repo:backfill/label_runs/2024-07.json,CoWoS 產能利用率跌破 80% / AI 加速器砍單 / 擴產開出且交期正常化。,,chokepoint_owner
advanced_packaging_cowos,CoWoS 先進封裝,advanced_packaging_cowos ≤圍欄證據=再強化但已封頂。台積電 2024-07-18 法說(魏哲家):今、明兩年 CoWoS 產能均超倍增,2023-07-01,,2449,2,"[跨批縫合:首見 2023-06-01(批 2023H1),conviction 終值 2] carry 持平。",2024-07-01,repo:backfill/label_runs/2024-07.json,CoWoS 產能利用率跌破 80% / AI 加速器砍單 / 擴產開出且交期正常化。,,enabler
advanced_packaging_cowos,CoWoS 先進封裝,advanced_packaging_cowos ≤圍欄證據=再強化但已封頂。台積電 2024-07-18 法說(魏哲家):今、明兩年 CoWoS 產能均超倍增,2023-07-01,,3711,2,"[跨批縫合:首見 2023-06-01(批 2023H1),conviction 終值 2] carry 持平。",2024-07-01,repo:backfill/label_runs/2024-07.json,CoWoS 產能利用率跌破 80% / AI 加速器砍單 / 擴產開出且交期正常化。,,enabler
advanced_packaging_cowos,CoWoS 先進封裝,advanced_packaging_cowos ≤圍欄證據=再強化但已封頂。台積電 2024-07-18 法說(魏哲家):今、明兩年 CoWoS 產能均超倍增,2023-09-01,,3131,2,"[跨批縫合:首見 2023-08-01(批 2023H2),conviction 終值 2] carry 持平(TPEx 不可交易)。",2024-07-01,repo:backfill/label_runs/2024-07.json,CoWoS 產能利用率跌破 80% / AI 加速器砍單 / 擴產開出且交期正常化。,,enabler
advanced_packaging_cowos,CoWoS 先進封裝,advanced_packaging_cowos ≤圍欄證據=再強化但已封頂。台積電 2024-07-18 法說(魏哲家):今、明兩年 CoWoS 產能均超倍增,2023-09-01,,3583,2,"[跨批縫合:首見 2023-08-01(批 2023H2),conviction 終值 2] carry 持平。",2024-07-01,repo:backfill/label_runs/2024-07.json,CoWoS 產能利用率跌破 80% / AI 加速器砍單 / 擴產開出且交期正常化。,,enabler
advanced_packaging_cowos,CoWoS 先進封裝,advanced_packaging_cowos ≤圍欄證據=再強化但已封頂。台積電 2024-07-18 法說(魏哲家):今、明兩年 CoWoS 產能均超倍增,2023-09-01,,6187,2,"[跨批縫合:首見 2023-08-01(批 2023H2),conviction 終值 2] carry 持平(TPEx 不可交易)。",2024-07-01,repo:backfill/label_runs/2024-07.json,CoWoS 產能利用率跌破 80% / AI 加速器砍單 / 擴產開出且交期正常化。,,enabler
ai_liquid_cooling,AI 液冷 (UQD 水冷快接頭),"在冊觀察線 ai_liquid_cooling 之 defer→admit。期初冊指示:『GB200 量產 H2 2024 起,≤圍欄若首見 UQD/CDU 配",2024-08-01,,3017,2,"[跨批縫合:首見 2024-07-01(批 2024H2),conviction 終值 2] TW 散熱模組龍頭(水冷板/CDU)+ 持富世達 UQD 曝險 + 緊急救援分歧管/快接頭。模組層可擴屬 enabler。TWSE。",2024-07-17,repo:backfill/label_runs/2024-07.json; Digitimes a20240717PD200; TweakTown 99446,台廠多家(嘉澤 3533 等)通過 UQD 認證致集中度瓦解 / 液冷快接頭供給正常化、漲價回落 / GB200/GB300 液冷砍單、滲透率停滯 / 富世達 UQD ODM 訂單能見度回縮。,,enabler
ai_liquid_cooling,AI 液冷 (UQD 水冷快接頭),"在冊觀察線 ai_liquid_cooling 之 defer→admit。期初冊指示:『GB200 量產 H2 2024 起,≤圍欄若首見 UQD/CDU 配",2024-08-01,,6805,4,"[跨批縫合:首見 2024-07-01(批 2024H2),conviction 終值 4] UQD 快接頭認證節點:通過 ODM 驗證、打破外企寡占、單價漲(定價權雛形)、12 個月內難無痛替換(認證門檻)。TWSE 可交易。保守起手 3(寡占 owner 上限 4 之下;量產 Q4 為前瞻、challenger 剛切入,不給滿)。",2024-07-17,repo:backfill/label_runs/2024-07.json; Digitimes a20240717PD200; TweakTown 99446,台廠多家(嘉澤 3533 等)通過 UQD 認證致集中度瓦解 / 液冷快接頭供給正常化、漲價回落 / GB200/GB300 液冷砍單、滲透率停滯 / 富世達 UQD ODM 訂單能見度回縮。,,chokepoint_owner
ai_liquid_cooling,AI 液冷 (UQD 水冷快接頭),ai_liquid_cooling(2024-07 入冊)≤圍欄 8 月證據=續強但保守持平。money.udn 8 月系列:富世達 + 嘉澤雙台廠打破外企 U,2024-09-01,,3533,3,"[跨批縫合:首見 2024-08-01(批 2024H2),conviction 終值 3] 新增:≤圍欄 8 月市場報導亦為輝達 GB200 快接頭合格供應商(連接器大廠),打破外企壟斷;量產 2025H1(forward),保守起手 2。TWSE。",2024-08-01,repo:backfill/label_runs/2024-08.json,台廠多家通過 UQD 認證致集中度瓦解 / 快接頭供給正常化、漲價回落 / GB200/GB300 液冷砍單、滲透率停滯 / 富世達 UQD 訂單能見度回縮。,,enabler
epaper_esl,電子紙/ESL,"epaper_esl(元太 8069,TPEx 不可交易):本月無『發布日 ≤ 2024-07-31』之新催化訊號,主題休眠,持平 conviction 3,無",2022-09-01,,8069,3,"[跨批縫合:首見 2022-08-01(批 2022H2),conviction 終值 3] carry 持平(TPEx 不可交易);本月無 ≤圍欄新催化。",2024-07-01,repo:backfill/label_runs/2024-07.json,ESL 換裝潮結束 / 電子紙產能過剩 / 報價回落。,,chokepoint_owner
ev_supply,電動車供應鏈,"在冊主題 ev_supply(⚠ 首月補演化):放大器=特斯拉價格戰已於 2023 上半年成形(Q1 營業利益年減 24%,OEM 端毛利壓縮)。惟≤圍欄證據(",2022-08-01,2023-12-31,1536,2,"[跨批縫合:首見 2022-07-01(批 2022H2),conviction 終值 2] 傳動齒輪,墨西哥擴廠;持平,觀察價格戰傳導。",2023-07-01,repo:backfill/label_runs/2023-07.json,Tesla 降價戰壓縮供應鏈訂單/毛利/電動車銷量成長失速。,,chokepoint_owner
ev_supply,電動車供應鏈,"在冊主題 ev_supply(⚠ 首月補演化):放大器=特斯拉價格戰已於 2023 上半年成形(Q1 營業利益年減 24%,OEM 端毛利壓縮)。惟≤圍欄證據(",2022-08-01,2023-12-31,2308,2,"[跨批縫合:首見 2022-07-01(批 2022H2),conviction 終值 2] 電源/動力,持平。",2023-07-01,repo:backfill/label_runs/2023-07.json,Tesla 降價戰壓縮供應鏈訂單/毛利/電動車銷量成長失速。,,enabler
ev_supply,電動車供應鏈,"在冊主題 ev_supply(⚠ 首月補演化):放大器=特斯拉價格戰已於 2023 上半年成形(Q1 營業利益年減 24%,OEM 端毛利壓縮)。惟≤圍欄證據(",2022-08-01,2023-12-31,3665,2,"[跨批縫合:首見 2022-07-01(批 2022H2),conviction 終值 2] 高壓線束,北美優勢抗跌;持平。",2023-07-01,repo:backfill/label_runs/2023-07.json,Tesla 降價戰壓縮供應鏈訂單/毛利/電動車銷量成長失速。,,enabler
ev_supply,電動車供應鏈,"在冊主題 ev_supply(⚠ 首月補演化):放大器=特斯拉價格戰已於 2023 上半年成形(Q1 營業利益年減 24%,OEM 端毛利壓縮)。惟≤圍欄證據(",2022-08-01,2023-12-31,5243,1,"[跨批縫合:首見 2022-07-01(批 2022H2),conviction 終值 1] 沖壓件,受惠轉單;持平。",2023-07-01,repo:backfill/label_runs/2023-07.json,Tesla 降價戰壓縮供應鏈訂單/毛利/電動車銷量成長失速。,,enabler
foundry_shortage,成熟製程產能荒,"期初冊主題,僅做證據演化(不重跑瓶頸簽名)。圍欄內 2022-07-08 第一手證據顯示成熟製程開始『分裂』:消費性應用(電視/PC driver IC、PMI",2022-08-01,2022-10-31,2303,1,"[跨批縫合:首見 2022-07-01(批 2022H2),conviction 終值 1] 圍欄內仍100%+滿載、口頭樂觀,但消費端砍單潮浮現、下行風險升高;由4下調至3",2022-07-01,repo:backfill/label_runs/2022-07.json,成熟製程全面砍單並開始降價(而非僅消費端砍單);利用率跌破8成;聯電/世界先進由『樂觀/滿載』轉為明確減產或報價下修,,chokepoint_owner
foundry_shortage,成熟製程產能荒,"期初冊主題,僅做證據演化(不重跑瓶頸簽名)。圍欄內 2022-07-08 第一手證據顯示成熟製程開始『分裂』:消費性應用(電視/PC driver IC、PMI",2022-08-01,2022-10-31,5347,1,"[跨批縫合:首見 2022-07-01(批 2022H2),conviction 終值 1] 已轉保守(庫存升、Q3利用率自高點滑落),弱化最明確;由4下調至3",2022-07-01,repo:backfill/label_runs/2022-07.json,成熟製程全面砍單並開始降價(而非僅消費端砍單);利用率跌破8成;聯電/世界先進由『樂觀/滿載』轉為明確減產或報價下修,,chokepoint_owner
foundry_shortage,成熟製程產能荒,"期初冊主題,僅做證據演化(不重跑瓶頸簽名)。圍欄內 2022-07-08 第一手證據顯示成熟製程開始『分裂』:消費性應用(電視/PC driver IC、PMI",2022-08-01,2022-10-31,6770,1,"[跨批縫合:首見 2022-07-01(批 2022H2),conviction 終值 1] 面板driver/CIS鬆動、靠轉單PMIC/車用維持滿載;結構性供不應求敘事開始鬆動,由4下調至3",2022-07-01,repo:backfill/label_runs/2022-07.json,成熟製程全面砍單並開始降價(而非僅消費端砍單);利用率跌破8成;聯電/世界先進由『樂觀/滿載』轉為明確減產或報價下修,,chokepoint_owner
grid_heavy_electrical,電網重電,grid_heavy_electrical:本月真搜尋未取得『發布日 ≤ 2024-07-31』之重電廠 AI-DC 具體大單/漲價第一手——華城星際之門第 1,2022-10-01,,1503,2,"[跨批縫合:首見 2022-09-01(批 2022H2),conviction 終值 2] carry 持平。",2024-07-01,repo:backfill/label_runs/2024-07.json,台電強韌電網預算腰斬 / 重電訂單連 2 季衰退 / 變壓器交期正常化 / 美國外銷能見度回縮。,,enabler
grid_heavy_electrical,電網重電,grid_heavy_electrical:本月真搜尋未取得『發布日 ≤ 2024-07-31』之重電廠 AI-DC 具體大單/漲價第一手——華城星際之門第 1,2022-10-01,,1513,3,"[跨批縫合:首見 2022-09-01(批 2022H2),conviction 終值 3] carry 持平;無 ≤圍欄名別新單。",2024-07-01,repo:backfill/label_runs/2024-07.json,台電強韌電網預算腰斬 / 重電訂單連 2 季衰退 / 變壓器交期正常化 / 美國外銷能見度回縮。,,chokepoint_owner
grid_heavy_electrical,電網重電,grid_heavy_electrical:本月真搜尋未取得『發布日 ≤ 2024-07-31』之重電廠 AI-DC 具體大單/漲價第一手——華城星際之門第 1,2022-10-01,,1514,2,"[跨批縫合:首見 2022-09-01(批 2022H2),conviction 終值 2] carry 持平。",2024-07-01,repo:backfill/label_runs/2024-07.json,台電強韌電網預算腰斬 / 重電訂單連 2 季衰退 / 變壓器交期正常化 / 美國外銷能見度回縮。,,enabler
grid_heavy_electrical,電網重電,grid_heavy_electrical:本月真搜尋未取得『發布日 ≤ 2024-07-31』之重電廠 AI-DC 具體大單/漲價第一手——華城星際之門第 1,2022-10-01,,1519,4,"[跨批縫合:首見 2022-09-01(批 2022H2),conviction 終值 4] carry 持平(寡占上限);AI-DC 具體大單皆 >圍欄不採。",2024-07-01,repo:backfill/label_runs/2024-07.json,台電強韌電網預算腰斬 / 重電訂單連 2 季衰退 / 變壓器交期正常化 / 美國外銷能見度回縮。,,chokepoint_owner
reopening_travel,解封出行,"期初冊主題,與本月『觀光餐旅』動能種子(2736寧茂/2743三顧-KY/2723美食-KY/2753八方雲集等,ret60 +15~49%)同源,僅做證據演化",2022-08-01,,2610,4,"[跨批縫合:首見 2022-07-01(批 2022H2),conviction 終值 4] 同上,維持3",2022-07-01,repo:backfill/label_runs/2022-07.json,航空運能全面恢復、國際航班/座位供給回到疫情前;票價正常化(容量瓶頸解除);出行需求見頂回落,,chokepoint_owner
reopening_travel,解封出行,"期初冊主題,與本月『觀光餐旅』動能種子(2736寧茂/2743三顧-KY/2723美食-KY/2753八方雲集等,ret60 +15~49%)同源,僅做證據演化",2022-08-01,,2618,4,"[跨批縫合:首見 2022-07-01(批 2022H2),conviction 終值 4] 運能受限下的雙雄之一;邊境鬆綁需求回流,維持3",2022-07-01,repo:backfill/label_runs/2022-07.json,航空運能全面恢復、國際航班/座位供給回到疫情前;票價正常化(容量瓶頸解除);出行需求見頂回落,,chokepoint_owner
ai_ccl,AI server CCL and high-speed PCB materials,CCL / low-loss substrate,2025-02-01,,2383,5,"M8/M9 級低損耗 CCL 寡占之首,GB300/自研 ASIC 加速卡高階材料主力供應商;漲價+升規雙引擎。",2025-01-01,repo:registry/evidence/registry_evidence.jsonl#2383; https://news.cnyes.com/news/id/5627581,"CCL/low-loss 材料報價連 2 季回落,或主要 CCL 廠擴產產能開出且交期正常化",2026-09-30,chokepoint_owner
ai_ccl,AI server CCL and high-speed PCB materials,CCL / low-loss substrate,2025-02-01,,6274,5,"低損耗 CCL 三強,800G 交換器與 AI 加速卡 M8 級材料寡占供應者;AI 網路頻寬升級=材料等級升級=ASP 跳升(規格瓶頸)。",2025-01-01,repo:registry/evidence/registry_evidence.jsonl#6274; https://news.cnyes.com/news/id/5627341,"CCL/low-loss 材料報價連 2 季回落,或主要 CCL 廠擴產產能開出且交期正常化",2026-09-30,chokepoint_owner
ai_ccl,AI server CCL and high-speed PCB materials,CCL / low-loss substrate,2025-02-01,,6213,3,"CCL 三強之末、高階規格追趕者;AI 外溢訂單受益,持有材料節點但份額落後半代。",2025-01-01,repo:registry/evidence/registry_evidence.jsonl#6213; https://news.cnyes.com/news/id/5627432,"CCL/low-loss 材料報價連 2 季回落,或主要 CCL 廠擴產產能開出且交期正常化",2026-09-30,enabler
ai_ccl,AI server CCL and high-speed PCB materials,CCL / low-loss substrate,2025-02-01,2026-07-13,3044,3,Industry-first thesis: AI accelerator networking and high-layer-count server boards require scarce low-loss CCL capacity.,2025-01-01,legacy:curated-2026H1; source_note 為原始論點,"CCL/low-loss 材料報價連 2 季回落,或主要 CCL 廠擴產產能開出且交期正常化",2026-09-30,beneficiary
ai_pcb,AI server PCB and drilling bottlenecks,PCB / drilling / process equipment,2025-02-01,2026-07-13,2367,3,"Industry-first thesis: AI server boards raise layer count, process difficulty, and drilling bottlenecks.",2025-01-01,legacy:curated-2026H1; source_note 為原始論點,"HDI/鑽孔設備交期正常化,AI 板層數規格升級停滯",2026-09-30,beneficiary
ai_pcb,AI server PCB and drilling bottlenecks,PCB / drilling / process equipment,2025-02-01,,3037,3,"ABF 載板三雄,載板產能與客戶認證為自有稀缺節點;AI 基板層數升級再度抽緊供給。",2025-01-01,repo:registry/evidence/supplement_2026-07.jsonl#3037; https://tw.stock.yahoo.com/news/%E5%85%A8%E7%90%83%E5%8F%AA%E5%89%A9%E5%85%A9%E5%BC%B7-%E6%AC%A3%E8%88%88%E5%90%83%E4%B8%8Bai%E8%BC%89%E6%9D%BF%E7%B4%85%E5%88%A9-%E6%93%B4%E7%94%A2%E4%BB%8D%E8%BF%BD%E4%B8%8D%E4%B8%8A%E9%9C%80%E6%B1%82-052801737.html; https://tw.stock.yahoo.com/news/%E7%94%A2%E8%83%BD%E5%85%A8%E9%83%BD%E8%A2%AB%E8%A8%82%E8%B5%B0-abf%E8%BC%89%E6%9D%BF%E5%A4%A7%E5%BB%A0-%E5%8A%A0%E7%A2%BC60%E5%84%84%E6%8B%9A%E6%93%B4%E7%94%A2-%E6%98%8E%E5%B9%B4%E8%B3%87%E6%9C%AC%E6%94%AF%E5%87%BA%E4%B8%8A%E4%BF%AE%E8%87%B3254%E5%84%84%E5%85%83-143000505.html,"HDI/鑽孔設備交期正常化,AI 板層數規格升級停滯",2026-09-30,chokepoint_owner
ai_pcb,AI server PCB and drilling bottlenecks,PCB / drilling / process equipment,2025-02-01,,8021,4,"鑽針耗材全球前二;AI 板層數與鑽孔難度躍升直接受益,技術門檻真、非獨佔。",2025-01-01,repo:registry/evidence/registry_evidence.jsonl#8021; https://udn.com/news/story/7253/9523101,"HDI/鑽孔設備交期正常化,AI 板層數規格升級停滯",2026-09-30,enabler
ai_pcb,AI server PCB and drilling bottlenecks,PCB / drilling / process equipment,2025-02-01,,3167,4,PCB 成型/鑽孔設備寡占利基;AI 板規格升級帶動設備換代需求。,2025-01-01,repo:registry/evidence/registry_evidence.jsonl#3167; https://news.cnyes.com/news/id/5625482; https://mops.twse.com.tw,"HDI/鑽孔設備交期正常化,AI 板層數規格升級停滯",2026-09-30,enabler
ai_server_mech,AI server mechanical and rack constraints,Rails / thermal mechanical / connectors,2025-02-01,,2059,5,"rack 級 AI 伺服器導軌近壟斷(高階市佔 60-70%),機櫃世代升級使單櫃導軌價值量倍增;安規認證鎖定。",2025-01-01,repo:registry/evidence/registry_evidence.jsonl#2059; https://news.cnyes.com/news/id/5627192,"機櫃出貨指引下修 >= 2 家 ODM,或導軌/機構件報價回落",2026-09-30,chokepoint_owner
ai_server_mech,AI server mechanical and rack constraints,Rails / thermal mechanical / connectors,2025-02-01,,3017,4,"散熱雙雄之首,3D VC/液冷板寡占+設計綁定;GB 世代液冷滲透率躍升直接受益。",2025-01-01,repo:registry/evidence/supplement_2026-07.jsonl#3017; https://www.sinotrade.com.tw/richclub/hotstock/%E5%A5%87%E9%8B%90-3017-%E5%81%9A%E4%BB%80%E9%BA%BC-%E5%8E%BB%E5%B9%B4%E7%87%9F%E6%94%B6%E8%A1%9D%E7%A0%B4%E5%8D%83%E5%84%84%E5%AF%AB%E6%96%B0%E7%8C%B7-%E7%99%BC%E8%A1%A8%E6%9C%83%E6%8F%AD%E9%9C%B2%E5%8D%81%E5%B9%B4%E7%A3%A8%E4%B8%80%E5%8A%8D%E9%82%81%E5%90%91%E6%B6%B2%E5%86%B7%E5%85%83%E5%B9%B4-%E8%82%A1%E5%B8%82%E8%A9%B1%E9%A1%8C-69e73ca3828d0b0adeeda706; https://www.moneyweekly.com.tw/ArticleData/Info/Article/200828,"機櫃出貨指引下修 >= 2 家 ODM,或導軌/機構件報價回落",2026-09-30,chokepoint_owner
ai_server_mech,AI server mechanical and rack constraints,Rails / thermal mechanical / connectors,2025-02-01,,3324,4,"散熱雙雄,液冷板/水冷排寡占本尊;AI 機櫃液冷化受益。",2025-01-01,repo:registry/evidence/supplement_2026-07.jsonl#3324; https://wantrich.chinatimes.com/news/20260225900454-420101; https://money.udn.com/money/story/5607/9329876,"機櫃出貨指引下修 >= 2 家 ODM,或導軌/機構件報價回落",2026-09-30,chokepoint_owner
ai_server_mech,AI server mechanical and rack constraints,Rails / thermal mechanical / connectors,2025-02-01,,3653,4,均熱片/metal lid 高階近獨供;CPU/GPU 規格升級單價躍升。,2025-01-01,repo:registry/evidence/supplement_2026-07.jsonl#3653; https://www.ctee.com.tw/news/20251128700207-439901; https://gfemobile.cnyes.com/news/id/6270189,"機櫃出貨指引下修 >= 2 家 ODM,或導軌/機構件報價回落",2026-09-30,chokepoint_owner
ai_server_mech,AI server mechanical and rack constraints,Rails / thermal mechanical / connectors,2025-02-01,,3533,4,"CPU socket 三強寡占,LGA 規格認證鎖定;伺服器平台換代受益。",2025-01-01,repo:registry/evidence/supplement_2026-07.jsonl#3533; https://m.cnyes.com/news/id/6120427; https://tw.stock.yahoo.com/news/%E5%98%89%E6%BE%A4%E8%A1%9D%E5%88%BA%E4%BC%BA%E6%9C%8D%E5%99%A8%E6%A5%AD%E5%8B%99-%E4%BB%8A%E5%B9%B4%E6%95%B4%E9%AB%94%E7%87%9F%E6%94%B6%E6%8B%9A%E5%B9%B4%E5%A2%9E15-021400083.html,"機櫃出貨指引下修 >= 2 家 ODM,或導軌/機構件報價回落",2026-09-30,chokepoint_owner
advanced_packaging,Advanced packaging and test capacity,CoWoS / advanced packaging / probe cards / test sockets,2025-02-01,,3131,5,"CoWoS 濕製程設備關鍵供應商,台積電認證綁定;先進封裝擴產直接受益。",2025-01-01,repo:registry/evidence/supplement_2026-07.jsonl#3131; https://vocus.cc/article/6a15bdbafd89780001633b4d; https://money.udn.com/money/story/5612/9188169,"CoWoS/先進封裝產能利用率跌破 80%,測試介面交期正常化",2026-09-30,enabler
advanced_packaging,Advanced packaging and test capacity,CoWoS / advanced packaging / probe cards / test sockets,2025-02-01,,3583,4,"先進封裝製程設備+再生晶圓,台積電擴產鏈關鍵投入。",2025-01-01,repo:registry/evidence/registry_evidence.jsonl#3583; https://news.cnyes.com/news/id/5625902,"CoWoS/先進封裝產能利用率跌破 80%,測試介面交期正常化",2026-09-30,enabler
advanced_packaging,Advanced packaging and test capacity,CoWoS / advanced packaging / probe cards / test sockets,2025-02-01,,6223,5,"MEMS 探針卡台系獨大(全球三強),先進封裝測試瓶頸;技術+客戶認證雙壁壘。",2025-01-01,repo:registry/evidence/registry_evidence.jsonl#6223; https://news.cnyes.com/news/id/5625893,"CoWoS/先進封裝產能利用率跌破 80%,測試介面交期正常化",2026-09-30,chokepoint_owner
advanced_packaging,Advanced packaging and test capacity,CoWoS / advanced packaging / probe cards / test sockets,2025-02-01,,6515,5,高階測試座寡占本尊;AI 晶片測試介面需求隨算力代際成長。,2025-01-01,repo:registry/evidence/supplement_2026-07.jsonl#6515; https://tw.stock.yahoo.com/news/%E8%A8%82%E5%96%AE%E6%BB%BF%E5%88%B0%E6%BA%A2%E5%87%BA-%E9%80%99%E6%AA%94-q4%E6%BB%BF%E8%BC%89-%E6%98%8E%E5%B9%B4%E7%9C%8B%E4%B8%8D%E5%88%B0%E9%A0%82-%E6%8E%A2%E9%87%9D%E7%94%A2%E8%83%BD%E5%80%8D%E5%A2%9E-023500327.html; https://vocus.cc/article/6a15701efd8978000148d3cb,"CoWoS/先進封裝產能利用率跌破 80%,測試介面交期正常化",2026-09-30,chokepoint_owner
advanced_packaging,Advanced packaging and test capacity,CoWoS / advanced packaging / probe cards / test sockets,2025-02-01,2026-07-14,7556,3,"Industry-first thesis: AI accelerator demand shifts scarcity to advanced packaging, probe cards, and test interfaces.",2025-01-01,"repo:registry/evidence/supplement_2026-07.jsonl#7556(2026-07-14 補搜查無實質瓶頸證據,策展除名)","CoWoS/先進封裝產能利用率跌破 80%,測試介面交期正常化",2026-09-30,enabler
optical_cpo,800G / CPO optical interconnect,Optical devices / laser / connectors,2025-02-01,,3081,5,"光通訊磊晶/EML 上游,利基磊晶產能+北美大客戶認證;800G/1.6T 光鏈路關鍵材料。",2025-01-01,repo:registry/evidence/supplement_2026-07.jsonl#3081; https://www.ctee.com.tw/news/20251221700017-430502; https://tw.stock.yahoo.com/news/%E8%81%AF%E4%BA%9E800g-1-6t%E7%9F%BD%E5%85%89%E5%AD%90cw%E9%9B%B7%E5%B0%84%E6%8F%90%E5%89%8D%E6%94%BE%E9%87%8F-%E7%BE%8E%E7%B3%BB%E5%A4%96%E8%B3%87%E4%B8%8A%E8%AA%BF%E7%9B%AE%E6%A8%99%E5%83%B9%E8%87%B3762%E5%85%83-014952419.html,"800G/1.6T 光模組報價連 2 季下跌,或 CPO 量產時程再延 >= 1 年且庫存升",2026-09-30,chokepoint_owner
optical_cpo,800G / CPO optical interconnect,Optical devices / laser / connectors,2025-02-01,,6442,5,"光通訊連接組件,北美資料中心訂單集中;800G 升級週期受益。",2025-01-01,repo:registry/evidence/registry_evidence.jsonl#6442; https://tw.stock.yahoo.com/quote/6442.TW,"800G/1.6T 光模組報價連 2 季下跌,或 CPO 量產時程再延 >= 1 年且庫存升",2026-09-30,enabler
optical_cpo,800G / CPO optical interconnect,Optical devices / laser / connectors,2025-02-01,,3163,3,光被動元件;CPO/矽光子商轉元年的連接介面供應者。,2025-01-01,repo:registry/evidence/supplement_2026-07.jsonl#3163; https://news.cnyes.com/news/id/6506253; https://www.ttv.com.tw/finance/view/0320261108596FEFFA9011B9489A85DDCFAF360334FF1449/587,"800G/1.6T 光模組報價連 2 季下跌,或 CPO 量產時程再延 >= 1 年且庫存升",2026-09-30,enabler
ai_asic,AI ASIC and design-service leverage,ASIC design / IP / NRE leverage,2025-02-01,,3443,5,"ASIC 設計服務(台積電系),hyperscaler 自研晶片開案潮中具先進製程與 CoWoS 產能取得優勢。",2025-01-01,repo:registry/evidence/registry_evidence.jsonl#3443; https://news.cnyes.com/news/id/5626912,"hyperscaler 自研 ASIC 專案取消 >= 2 個,或設計服務 NRE 報價下滑",2026-09-30,enabler
ai_asic,AI ASIC and design-service leverage,ASIC design / IP / NRE leverage,2025-02-01,,3661,5,"ASIC 設計服務一線,先進製程開案領先;AI 自研晶片 NRE+量產雙引擎。",2025-01-01,repo:registry/evidence/supplement_2026-07.jsonl#3661; https://vocus.cc/article/6a01c1ccfd89780001c384b6; https://money.udn.com/money/story/5710/9527238,"hyperscaler 自研 ASIC 專案取消 >= 2 個,或設計服務 NRE 報價下滑",2026-09-30,enabler
ai_asic,AI ASIC and design-service leverage,ASIC design / IP / NRE leverage,2025-02-01,,3529,4,"eNVM IP 事實壟斷、royalty 模式;先進製程開案數成長直接轉化授權金,替代認證逾 12 個月。",2025-01-01,repo:registry/evidence/supplement_2026-07.jsonl#3529; https://udn.com/news/story/7254/9405344; https://wantrich.chinatimes.com/news/20260427900276-420101,"hyperscaler 自研 ASIC 專案取消 >= 2 個,或設計服務 NRE 報價下滑",2026-09-30,chokepoint_owner
server_oem,AI server OEM scale and supply orchestration,Server assembly / rack integration,2025-02-01,2026-07-13,6669,4,Industry-first thesis: AI server rack integration rewards OEMs with supply-chain execution scale.,2025-01-01,legacy:curated-2026H1; source_note 為原始論點,AI 伺服器出貨指引下修 >= 2 家雲端客戶,2026-09-30,beneficiary
server_oem,AI server OEM scale and supply orchestration,Server assembly / rack integration,2025-02-01,2026-07-13,2382,4,Industry-first thesis: AI server rack integration rewards OEMs with supply-chain execution scale.,2025-01-01,legacy:curated-2026H1; source_note 為原始論點,AI 伺服器出貨指引下修 >= 2 家雲端客戶,2026-09-30,beneficiary
server_oem,AI server OEM scale and supply orchestration,Server assembly / rack integration,2025-02-01,2026-07-13,3231,4,Industry-first thesis: AI server rack integration rewards OEMs with supply-chain execution scale.,2025-01-01,legacy:curated-2026H1; source_note 為原始論點,AI 伺服器出貨指引下修 >= 2 家雲端客戶,2026-09-30,beneficiary
server_oem,AI server OEM scale and supply orchestration,Server assembly / rack integration,2025-02-01,2026-07-13,2356,3,Industry-first thesis: AI server rack integration rewards OEMs with supply-chain execution scale.,2025-01-01,legacy:curated-2026H1; source_note 為原始論點,AI 伺服器出貨指引下修 >= 2 家雲端客戶,2026-09-30,beneficiary
server_oem,AI server OEM scale and supply orchestration,Server assembly / rack integration,2025-02-01,2026-07-13,2317,3,Industry-first thesis: AI server rack integration rewards OEMs with supply-chain execution scale.,2025-01-01,legacy:curated-2026H1; source_note 為原始論點,AI 伺服器出貨指引下修 >= 2 家雲端客戶,2026-09-30,beneficiary
industrial_test,AI power and industrial testing,Power electronics / test equipment,2025-02-01,,2308,5,"伺服器電源寡占之首(份額過半);AI 資料中心功率密度升級,電源規格代際鎖定。",2025-01-01,repo:registry/evidence/registry_evidence.jsonl#2308; https://www.ctee.com.tw/news/20260608700201-439901,測試設備 book-to-bill < 1 連 2 季,2026-09-30,chokepoint_owner
industrial_test,AI power and industrial testing,Power electronics / test equipment,2025-02-01,,2360,4,半導體/電源測試設備利基寡占;AI 晶片測試與電源驗證需求成長。,2025-01-01,repo:registry/evidence/registry_evidence.jsonl#2360; https://news.cnyes.com/news/id/5627542,測試設備 book-to-bill < 1 連 2 季,2026-09-30,chokepoint_owner
industrial_test,AI power and industrial testing,Power electronics / test equipment,2025-02-01,2026-07-13,2458,3,Industry-first thesis: higher data-center power density and electrification raise power and test-system bottlenecks.,2025-01-01,legacy:curated-2026H1; source_note 為原始論點,測試設備 book-to-bill < 1 連 2 季,2026-09-30,beneficiary
power_grid,Taiwan grid upgrade and electrification,Heavy electrical equipment / wires,2025-02-01,,1513,4,"重電 GIS/變壓器;台電強韌電網+AI 資料中心用電雙需求,345kV GIS 國產化獨大、交期長。",2025-01-01,repo:registry/evidence/supplement_2026-07.jsonl#1513; https://blog.fugle.tw/post/earnings-call-1513-2026-04-23; https://money.udn.com/money/story/5612/9340241,季度複審裁定,2026-09-30,chokepoint_owner
power_grid,Taiwan grid upgrade and electrification,Heavy electrical equipment / wires,2025-02-01,,1514,4,重電變壓器/配電盤;台電資格與產能瓶頸受益。,2025-01-01,repo:registry/evidence/supplement_2026-07.jsonl#1514; https://blog.fugle.tw/post/earnings-call-1514-2026-03-12; https://www.moneydj.com/kmdj/news/newsviewer.aspx?a=42da20ce-1c0b-4def-a436-f05ba46443e7,季度複審裁定,2026-09-30,chokepoint_owner
power_grid,Taiwan grid upgrade and electrification,Heavy electrical equipment / wires,2025-02-01,,1519,5,"變壓器龍頭;美國外銷訂單能見度至 2026 底、外銷占比升,疊加台電需求。",2025-01-01,repo:registry/evidence/supplement_2026-07.jsonl#1519; https://www.ctee.com.tw/news/20260102700199-439901; https://www.digitimes.com.tw/tech/dt/n/shwnws.asp?id=0000758640_J7F7JJEF30THF91IHLNYJ,季度複審裁定,2026-09-30,chokepoint_owner
power_grid,Taiwan grid upgrade and electrification,Heavy electrical equipment / wires,2025-02-01,,1503,3,重電三雄(馬達+變壓器);電網更新長週期訂單。,2025-01-01,repo:registry/evidence/supplement_2026-07.jsonl#1503; https://www.ctee.com.tw/news/20251219700201-439901; https://tw.stock.yahoo.com/news/%E5%A3%AB%E9%9B%BB%E8%AE%8A%E5%A3%93%E5%99%A8%E9%83%A8%E5%88%86%E8%A8%82%E5%96%AE%E8%83%BD%E8%A6%8B%E5%BA%A6%E7%9C%8B%E5%88%B02028%E5%B9%B4-113013175.html,季度複審裁定,2026-09-30,chokepoint_owner
power_grid,Taiwan grid upgrade and electrification,Heavy electrical equipment / wires,2025-02-01,,1609,4,"電線電纜,台電標案資格;電網工程放量受益。",2025-01-01,repo:registry/evidence/supplement_2026-07.jsonl#1609; https://technews.tw/2026/04/01/taya-financial-call/; https://vocus.cc/article/69d06f0ffd89780001190996,季度複審裁定,2026-09-30,enabler
memory_cycle,DRAM / NAND cycle and edge AI storage,Memory / storage controller / industrial DRAM,2025-08-01,,2344,5,"利基型 DRAM + NOR Flash 雙引擎 IDM,成熟記憶體供給真空的第二大直接受益者;車用/工控補庫存疊加漲價。",2025-07-15,repo:registry/evidence/registry_evidence.jsonl#2344; https://www.ctee.com.tw/news/20260707700543-439901,"DRAM/NAND 現貨價連 2 季回落,或三大原廠資本支出轉向擴產急加",2026-09-30,chokepoint_owner
memory_cycle,DRAM / NAND cycle and edge AI storage,Memory / storage controller / industrial DRAM,2025-08-01,,2408,5,"台灣唯一獨立 DRAM IDM(自有製程與晶圓產能)。三大原廠退出成熟 DRAM 後,南亞科是全球極少數仍有大規模成熟製程產能的玩家——供給真空的最大直接受益者,報價上漲直接灌進自有產能毛利。",2025-07-15,repo:registry/evidence/registry_evidence.jsonl#2408; https://news.cnyes.com/news/id/5628532; https://www.nanya.com,"DRAM/NAND 現貨價連 2 季回落,或三大原廠資本支出轉向擴產急加",2026-09-30,chokepoint_owner
memory_cycle,DRAM / NAND cycle and edge AI storage,Memory / storage controller / industrial DRAM,2025-08-01,,3006,4,"利基型 DRAM/Flash fabless 設計——DDR4 真空論點的輕資產版本,報價上漲幾乎全數落進毛利;產能依賴代工配額。",2025-07-15,repo:registry/evidence/registry_evidence.jsonl#3006; https://news.cnyes.com/news/id/5626245; https://www.esmt.com.tw,"DRAM/NAND 現貨價連 2 季回落,或三大原廠資本支出轉向擴產急加",2026-09-30,enabler
memory_cycle,DRAM / NAND cycle and edge AI storage,Memory / storage controller / industrial DRAM,2025-08-01,,8299,5,"NAND 控制器雙寡占+模組雙引擎;enterprise SSD/AI 儲存放量,漲價週期中控制器議價力上升。",2025-07-15,repo:registry/evidence/registry_evidence.jsonl#8299; https://statementdog.com/analysis/8299/monthly-revenue,"DRAM/NAND 現貨價連 2 季回落,或三大原廠資本支出轉向擴產急加",2026-09-30,enabler
memory_cycle,DRAM / NAND cycle and edge AI storage,Memory / storage controller / industrial DRAM,2025-08-01,,5289,5,"工控/嵌入式記憶體模組龍頭;工控客戶認證週期長、不能隨便換料,DDR4 斷供下轉單黏性最高的真空受益者。",2025-07-15,repo:registry/evidence/registry_evidence.jsonl#5289; https://news.cnyes.com/news/id/5627052,"DRAM/NAND 現貨價連 2 季回落,或三大原廠資本支出轉向擴產急加",2026-09-30,enabler
memory_cycle,DRAM / NAND cycle and edge AI storage,Memory / storage controller / industrial DRAM,2025-08-01,2026-07-13,8271,4,Industry-first thesis activated after memory-cycle recovery became visible enough to include as a structural supply-cycle theme.,2025-07-15,legacy:curated-2026H1; source_note 為原始論點,"DRAM/NAND 現貨價連 2 季回落,或三大原廠資本支出轉向擴產急加",2026-09-30,beneficiary
memory_cycle,DRAM / NAND cycle and edge AI storage,Memory / storage controller / industrial DRAM,2025-08-01,2026-07-13,2451,4,Industry-first thesis activated after memory-cycle recovery became visible enough to include as a structural supply-cycle theme.,2025-07-15,legacy:curated-2026H1; source_note 為原始論點,"DRAM/NAND 現貨價連 2 季回落,或三大原廠資本支出轉向擴產急加",2026-09-30,beneficiary
memory_cycle,DRAM / NAND cycle and edge AI storage,Memory / storage controller / industrial DRAM,2025-08-01,2026-07-13,4973,4,Industry-first thesis activated after memory-cycle recovery became visible enough to include as a structural supply-cycle theme.,2025-07-15,legacy:curated-2026H1; source_note 為原始論點,"DRAM/NAND 現貨價連 2 季回落,或三大原廠資本支出轉向擴產急加",2026-09-30,beneficiary
biotech_regulatory,Biotech regulatory monopoly optionality,Drug commercialization / regulatory catalyst,2026-02-01,,6446,4,"Ropeg 藥證+孤兒藥資格+NCCN 指南綁定的法規壟斷,PV 近 50 國藥證;ET 適應症擴張為第二引擎。",2026-01-15,repo:registry/evidence/registry_evidence.jsonl#6446; https://news.cnyes.com/news/id/5625902,關鍵藥證/授權案被拒或遞延 >= 1 年,2026-09-30,chokepoint_owner
satellite_defense,Low-earth-orbit satellite and defense communications,Microwave / RF / satellite communications,2025-02-01,,3491,4,"微波/毫米波元件利基龍頭,LEO 衛星供應鏈認證綁定;太空計畫+國防需求。",2025-01-01,repo:registry/evidence/supplement_2026-07.jsonl#3491; https://news.cnyes.com/news/id/6319170; https://www.sinotrade.com.tw/richclub/hotstock/%E6%98%87%E9%81%94%E7%A7%91%E6%B3%95%E8%AA%AA%E6%9C%834%E5%A4%A7%E4%BA%AE%E9%BB%9E%E6%95%B4%E7%90%86-%E4%BD%8E%E8%BB%8C%E8%A1%9B%E6%98%9F%E8%A8%82%E5%96%AE%E8%83%BD%E8%A6%8B%E5%BA%A6%E9%81%9418%E5%84%84%E5%85%83-2026%E5%B9%B4%E9%82%81%E5%85%A5%E9%AB%98%E6%88%90%E9%95%B7%E5%85%83%E5%B9%B4-%E8%82%A1%E5%B8%82%E8%A9%B1%E9%A1%8C-6972c71525b05425f5e44c27,國防預算/星鏈標案取消或大幅遞延,2026-09-30,chokepoint_owner
satellite_defense,Low-earth-orbit satellite and defense communications,Microwave / RF / satellite communications,2025-02-01,2026-07-13,3596,3,Industry-first thesis: satellite communication demand can create niche RF capacity constraints.,2025-01-01,legacy:curated-2026H1; source_note 為原始論點,國防預算/星鏈標案取消或大幅遞延,2026-09-30,beneficiary
satellite_defense,Low-earth-orbit satellite and defense communications,Microwave / RF / satellite communications,2025-02-01,2026-07-14,8048,3,Industry-first thesis: satellite communication demand can create niche RF capacity constraints.,2025-01-01,"repo:registry/evidence/supplement_2026-07.jsonl#8048(2026-07-14 補搜查無實質瓶頸證據,策展除名)",國防預算/星鏈標案取消或大幅遞延,2026-09-30,enabler
fab_facility_epc,Semiconductor fab facility and cleanroom EPC capacity,Cleanroom / utility systems EPC (water-gas-chemical piping),2026-08-01,,2404,2,"無塵室/廠務 EPC 龍頭,fab 業主資格認證即瓶頸本體;在手訂單 1,939 億、能見度 2029-30、美國占 2026 營收 56%。",2026-06-11,https://news.cnyes.com/news/id/6029915,"美系晶圓廠資本支出指引連續 2 季下修,或漢唐/洋基/朋億任一在手訂單連續 2 季環比下滑",2027-01-31,chokepoint_owner
fab_facility_epc,Semiconductor fab facility and cleanroom EPC capacity,Cleanroom / utility systems EPC (water-gas-chemical piping),2026-08-01,,6691,3,同主題次級量能;營收高成長、較少被市場發現。,2026-06-10,https://winvest.tw/Stock/Symbol/Comment/6691,同 2404 主題共用,2027-01-31,enabler
fab_facility_epc,Semiconductor fab facility and cleanroom EPC capacity,Cleanroom / utility systems EPC (water-gas-chemical piping),2026-08-01,,6613,3,廠務水氣化學管路利基;主題內營收拐點最銳、最少被發現。,2026-07-07,https://www.moneydj.com/kmdj/wiki/wikiviewer.aspx?keyid=7030c543-d4dc-4e01-91e9-ceebf5edd7d3,同 2404 主題共用,2027-01-31,enabler
fab_facility_epc,Semiconductor fab facility and cleanroom EPC capacity,Cleanroom / utility systems EPC (water-gas-chemical piping),2026-08-01,,6196,2,"廠務系統兩強,台積電海外廠 hookup 資格;主題錨點。",2026-07-07,https://blog.fugle.tw/topic/industry-analysis,同 2404 主題共用,2027-01-31,chokepoint_owner
aerospace_fastener,Aerospace certified fastener and precision machining supply,NADCAP / engine-OEM certified fasteners and machined parts,2026-08-01,,3004,3,"NADCAP+四大引擎 OEM 認證扣件;窄體機爬產+MRO 積壓超出認證產能,新產能 18-24 個月才開出。",2026-05-26,https://vocus.cc/article/6a2e6fdffd89780001637aa0,"波音/空巴月產能爬升計畫延後 ≥2 次,或鈦/鋁扣件報價連 2 季回落,或訂單能見度縮至 12 個月內",2027-01-31,chokepoint_owner
aerospace_fastener,Aerospace certified fastener and precision machining supply,NADCAP / engine-OEM certified fasteners and machined parts,2026-08-01,,4541,2,漢翔系二階機加工;航太營收占比 48%→68% 持續上行。,2026-07-07,https://www.sinotrade.com.tw/richclub/news/67e610b531c1ba247ab7e3b7,同 3004 主題共用,2027-01-31,enabler
battery_sic_carbon_materials,Non-China battery anode and SiC crucible carbon materials,Battery anode (MCMB) / isotropic graphite SiC crucible,2026-08-01,,1723,2,唯一非中系、獲美國特化廠認證的負極供應商+6 吋認證等方性石墨 SiC 坩堝;新業務規模待證(誠實保留)。,2025-11-26,https://www.ctee.com.tw/news/20251126701415-430503,"2026Q3 法說未確認美國負極客戶放量,或 SiC 坩堝出現同等認證競爭者",2027-01-31,enabler
memory_cycle,DRAM / NAND cycle and edge AI storage,Memory / storage controller / industrial DRAM,2026-08-01,2026-07-13,3260,4,Theme-member completion (2026-07-07 curation sweep): pool already holds module makers 4973/8271/2451 — ADATA is TW largest module maker and was a coverage gap; module makers are the price-cycle leverage vehicle (inventory gains); PE 8.2 with June YoY accelerating at admission.,2026-07-07,internal:curation-sweep-2026-07-07,"DRAM/NAND 現貨價連 2 季回落,或三大原廠資本支出轉向擴產急加",2026-09-30,beneficiary
memory_cycle,DRAM / NAND cycle and edge AI storage,Memory / storage controller / industrial DRAM,2026-08-01,2026-07-13,4967,3,"Theme-member completion (2026-07-07 curation sweep): Team Group, third TW module maker; PE 6.7 at yoy_3m acceleration; same leverage-vehicle logic as 3260/4973.",2026-07-07,internal:curation-sweep-2026-07-07,"DRAM/NAND 現貨價連 2 季回落,或三大原廠資本支出轉向擴產急加",2026-09-30,beneficiary
server_bmc,AI server BMC monopoly,Baseboard management controller silicon,2026-08-01,,5274,2,"伺服器 BMC(遠端管理晶片)全球 70-80% 絕對壟斷;產品驗證 2-3 年、客戶黏著 >5 年=極高切換成本,GM 65-70% 結構性;AI 伺服器 BMC 世代升級(AST2700)量價齊揚。已為股王(PE 50-66x)、媒體高覆蓋,保守起手 conviction 2,交由引擎 PE/dd 懲罰定位(比照 6196)。",2026-01-16,repo:registry/evidence/supplement_2026-06-monthly.jsonl#5274; https://vocus.cc/article/696886d7fd89780001bfb9dc,"信驊 BMC 市佔跌破 50%(新進者通過 CSP 認證放量),或 BMC 被整合進 CPU/SoC 消除獨立晶片需求,或 AST2700 世代 ASP 未如期提升",2027-01-31,chokepoint_owner
memory_cycle,DRAM / NAND cycle and edge AI storage,Memory / storage controller / industrial DRAM,2026-08-01,,2337,3,"NOR/ROM/利基 NAND 自有 12 吋廠 IDM;同業退出使高密度 MLC NAND 近獨供,NOR 大幅漲價。",2026-01-28,repo:registry/evidence/supplement_2026-06-monthly.jsonl#2337; https://vocus.cc/article/6978dbeafd89780001ae6463,"DRAM/NAND 現貨價連 2 季回落,或三大原廠資本支出轉向擴產急加",2026-09-30,chokepoint_owner
ai_pcb,AI server PCB and drilling bottlenecks,PCB / drilling / process equipment,2026-08-01,,3189,3,"ABF/BT 載板寡占本尊;ABF 稼動率 85% 往 90-95%,史上最大三年擴產仍面臨滿載。",2026-03-10,repo:registry/evidence/supplement_2026-06-monthly.jsonl#3189; https://vocus.cc/article/6a12e06bfd897800013a5ff5,"ABF 載板產能利用率跌破 80% 且報價連 2 季回落,或載板廠大規模擴產開出致交期正常化",2026-09-30,chokepoint_owner
advanced_packaging,Advanced packaging and test capacity,CoWoS / advanced packaging / probe cards / test sockets,2026-08-01,,7734,3,"先進封裝除泡機(void-free lamination)全球市佔 80% 近獨佔;CoWoS-L/R 多晶粒異質整合下除泡從選配變良率關鍵(氣泡→數千美元晶片報廢),訂單能見度到 2026 年底,Q1 GM 65%/營益率 53%。自有稀缺製程節點本尊。結構上限 5,保守起手 3。",2026-04-13,repo:registry/evidence/supplement_2026-06-monthly.jsonl#7734; https://cmnews.com.tw/article/newsyoudeservetoknow-2bb97c56-36c3-11f1-8dac-00dc37315a1d,"CoWoS/先進封裝產能利用率跌破 80%,或除泡機出現同等市佔競爭者",2026-09-30,chokepoint_owner
advanced_packaging,Advanced packaging and test capacity,CoWoS / advanced packaging / probe cards / test sockets,2026-08-01,,7769,2,"AI/HPC/ASIC 晶片測試分選機龍頭,AI 佔接單近八成;訂單能見度到年底。",2026-05-12,repo:registry/evidence/supplement_2026-06-monthly.jsonl#7769; https://blog.fugle.tw/post/earnings-call-7769-2026-05-12,"AI 測試設備訂單能見度縮至 6 個月內,或高階 handler 出現同級競爭者放量",2026-09-30,enabler
ai_ccl,AI server CCL and high-speed PCB materials,CCL / low-loss substrate,2026-08-01,,8358,2,"HVLP4 極低稜線銅箔(CCL 上游),新一代 AI 平台全指定;良率瓶頸使產能嚴重吃緊。",2026-05-30,repo:registry/evidence/supplement_2026-06-monthly.jsonl#8358; https://www.businesstoday.com.tw/article/category/183008/post/202605290013/,"HVLP4 高階銅箔供需缺口收斂/報價連 2 季回落,或高速 CCL 規格降級",2026-09-30,enabler
